Model,Augmentation,MH F1,MH Accuracy,Improvement
ResNet50,Baseline,0.7427934650838308,0.8,-
ResNet50,DG (Heavy),0.7178099547511311,0.7945945945945946,-0.0250
ViT-B/16,Baseline,0.7133333333333334,0.7405405405405405,-
ViT-B/16,DG (Heavy),0.6742245508676246,0.7891891891891892,-0.0391
