Method,F1 Score,Accuracy,Precision,Recall,F1 Improvement
Baseline (No Alignment),0.7185274086216654,0.7405405405405405,0.7122842091901497,0.7757633587786259,0.0
LAB Alignment,0.7107039159670738,0.7405405405405405,0.6958234918164893,0.7898854961832061,-0.00782349265459159
FDA (β=0.01),0.6762108262108262,0.6972972972972973,0.6704660587639312,0.7440627650551316,-0.04231658241083924
FDA (β=0.05),0.6836610647964361,0.7135135135135136,0.6686007736427905,0.751696352841391,-0.03486634382522935
