metric,baseline,few_shot,improvement_pct
Attention Entropy,9.853682518005371,9.970312118530273,1.1836143732070923
Max Activation,0.9999998807907104,0.9999998807907104,0.0
F1 Score,0.72,0.81,12.4
